frame_idx,node,x,y,video_path,track,track_score,instance_score
0,head,702.7704752275025,163.07381193124377,C:/Users/ICT68/Documents/GitHub/Automated-Motor-Activity-Assessment-in-Rats-via-Computer-Vision-Based-Object-Tracking/sleap-labeling/datasets/train/M8.mov,,,
0,torso,856.2421050641794,387.3904709049202,C:/Users/ICT68/Documents/GitHub/Automated-Motor-Activity-Assessment-in-Rats-via-Computer-Vision-Based-Object-Tracking/sleap-labeling/datasets/train/M8.mov,,,
0,tail_base,790.2272532100916,597.0568005308049,C:/Users/ICT68/Documents/GitHub/Automated-Motor-Activity-Assessment-in-Rats-via-Computer-Vision-Based-Object-Tracking/sleap-labeling/datasets/train/M8.mov,,,
111,head,1139.5753286147624,321.29423660262887,C:/Users/ICT68/Documents/GitHub/Automated-Motor-Activity-Assessment-in-Rats-via-Computer-Vision-Based-Object-Tracking/sleap-labeling/datasets/train/M8.mov,,,
111,torso,853.3300727082644,399.0386003285803,C:/Users/ICT68/Documents/GitHub/Automated-Motor-Activity-Assessment-in-Rats-via-Computer-Vision-Based-Object-Tracking/sleap-labeling/datasets/train/M8.mov,,,
111,tail_base,753.3415100351674,586.3793485591162,C:/Users/ICT68/Documents/GitHub/Automated-Motor-Activity-Assessment-in-Rats-via-Computer-Vision-Based-Object-Tracking/sleap-labeling/datasets/train/M8.mov,,,
185,head,1234.701718907988,550.3741152679473,C:/Users/ICT68/Documents/GitHub/Automated-Motor-Activity-Assessment-in-Rats-via-Computer-Vision-Based-Object-Tracking/sleap-labeling/datasets/train/M8.mov,,,
185,torso,1051.3482729104885,466.0153445146268,C:/Users/ICT68/Documents/GitHub/Automated-Motor-Activity-Assessment-in-Rats-via-Computer-Vision-Based-Object-Tracking/sleap-labeling/datasets/train/M8.mov,,,
185,tail_base,861.0867072040246,432.04163369561775,C:/Users/ICT68/Documents/GitHub/Automated-Motor-Activity-Assessment-in-Rats-via-Computer-Vision-Based-Object-Tracking/sleap-labeling/datasets/train/M8.mov,,,
333,head,1731.688574317492,0.0,C:/Users/ICT68/Documents/GitHub/Automated-Motor-Activity-Assessment-in-Rats-via-Computer-Vision-Based-Object-Tracking/sleap-labeling/datasets/train/M8.mov,,,
333,torso,1524.0681920207005,150.54517262382808,C:/Users/ICT68/Documents/GitHub/Automated-Motor-Activity-Assessment-in-Rats-via-Computer-Vision-Based-Object-Tracking/sleap-labeling/datasets/train/M8.mov,,,
333,tail_base,1297.8915605912846,259.2610472446573,C:/Users/ICT68/Documents/GitHub/Automated-Motor-Activity-Assessment-in-Rats-via-Computer-Vision-Based-Object-Tracking/sleap-labeling/datasets/train/M8.mov,,,
407,head,1425.9251769464101,889.1405460060668,C:/Users/ICT68/Documents/GitHub/Automated-Motor-Activity-Assessment-in-Rats-via-Computer-Vision-Based-Object-Tracking/sleap-labeling/datasets/train/M8.mov,,,
407,torso,1574.5434195232283,668.8869319767097,C:/Users/ICT68/Documents/GitHub/Automated-Motor-Activity-Assessment-in-Rats-via-Computer-Vision-Based-Object-Tracking/sleap-labeling/datasets/train/M8.mov,,,
407,tail_base,1531.8248265164618,467.9566994185702,C:/Users/ICT68/Documents/GitHub/Automated-Motor-Activity-Assessment-in-Rats-via-Computer-Vision-Based-Object-Tracking/sleap-labeling/datasets/train/M8.mov,,,
592,head,1575.4095045500505,977.4721941354904,C:/Users/ICT68/Documents/GitHub/Automated-Motor-Activity-Assessment-in-Rats-via-Computer-Vision-Based-Object-Tracking/sleap-labeling/datasets/train/M8.mov,,,
592,torso,1493.0065135576065,767.8960320778218,C:/Users/ICT68/Documents/GitHub/Automated-Motor-Activity-Assessment-in-Rats-via-Computer-Vision-Based-Object-Tracking/sleap-labeling/datasets/train/M8.mov,,,
592,tail_base,1564.8278598834997,571.8191867795408,C:/Users/ICT68/Documents/GitHub/Automated-Motor-Activity-Assessment-in-Rats-via-Computer-Vision-Based-Object-Tracking/sleap-labeling/datasets/train/M8.mov,,,
666,head,1286.147623862487,912.4368048533873,C:/Users/ICT68/Documents/GitHub/Automated-Motor-Activity-Assessment-in-Rats-via-Computer-Vision-Based-Object-Tracking/sleap-labeling/datasets/train/M8.mov,,,
666,torso,1528.9215792805592,883.4066488624526,C:/Users/ICT68/Documents/GitHub/Automated-Motor-Activity-Assessment-in-Rats-via-Computer-Vision-Based-Object-Tracking/sleap-labeling/datasets/train/M8.mov,,,
666,tail_base,1596.8602157985656,740.7170634226146,C:/Users/ICT68/Documents/GitHub/Automated-Motor-Activity-Assessment-in-Rats-via-Computer-Vision-Based-Object-Tracking/sleap-labeling/datasets/train/M8.mov,,,
703,head,1310.4145601617795,984.2669362992923,C:/Users/ICT68/Documents/GitHub/Automated-Motor-Activity-Assessment-in-Rats-via-Computer-Vision-Based-Object-Tracking/sleap-labeling/datasets/train/M8.mov,,,
703,torso,1528.9215792805599,863.9930998230186,C:/Users/ICT68/Documents/GitHub/Automated-Motor-Activity-Assessment-in-Rats-via-Computer-Vision-Based-Object-Tracking/sleap-labeling/datasets/train/M8.mov,,,
703,tail_base,1585.2120863749058,719.3621594792373,C:/Users/ICT68/Documents/GitHub/Automated-Motor-Activity-Assessment-in-Rats-via-Computer-Vision-Based-Object-Tracking/sleap-labeling/datasets/train/M8.mov,,,
629,head,1297.7957532861478,904.6713852376137,C:/Users/ICT68/Documents/GitHub/Automated-Motor-Activity-Assessment-in-Rats-via-Computer-Vision-Based-Object-Tracking/sleap-labeling/datasets/train/M8.mov,,,
629,torso,1532.8042890884467,882.4359714104805,C:/Users/ICT68/Documents/GitHub/Automated-Motor-Activity-Assessment-in-Rats-via-Computer-Vision-Based-Object-Tracking/sleap-labeling/datasets/train/M8.mov,,,
629,tail_base,1583.2707314709623,725.1862241910675,C:/Users/ICT68/Documents/GitHub/Automated-Motor-Activity-Assessment-in-Rats-via-Computer-Vision-Based-Object-Tracking/sleap-labeling/datasets/train/M8.mov,,,
555,head,1390.010111223458,999.7977755308393,C:/Users/ICT68/Documents/GitHub/Automated-Motor-Activity-Assessment-in-Rats-via-Computer-Vision-Based-Object-Tracking/sleap-labeling/datasets/train/M8.mov,,,
555,torso,1524.0681920207005,786.3389036652837,C:/Users/ICT68/Documents/GitHub/Automated-Motor-Activity-Assessment-in-Rats-via-Computer-Vision-Based-Object-Tracking/sleap-labeling/datasets/train/M8.mov,,,
555,tail_base,1578.417344211103,566.9657995196824,C:/Users/ICT68/Documents/GitHub/Automated-Motor-Activity-Assessment-in-Rats-via-Computer-Vision-Based-Object-Tracking/sleap-labeling/datasets/train/M8.mov,,,
518,head,1387.0980788675429,996.885743174924,C:/Users/ICT68/Documents/GitHub/Automated-Motor-Activity-Assessment-in-Rats-via-Computer-Vision-Based-Object-Tracking/sleap-labeling/datasets/train/M8.mov,,,
518,torso,1530.8629341845024,779.5441615014821,C:/Users/ICT68/Documents/GitHub/Automated-Motor-Activity-Assessment-in-Rats-via-Computer-Vision-Based-Object-Tracking/sleap-labeling/datasets/train/M8.mov,,,
518,tail_base,1578.4173442111028,565.024444615739,C:/Users/ICT68/Documents/GitHub/Automated-Motor-Activity-Assessment-in-Rats-via-Computer-Vision-Based-Object-Tracking/sleap-labeling/datasets/train/M8.mov,,,
481,head,1514.256825075834,1022.1233569261881,C:/Users/ICT68/Documents/GitHub/Automated-Motor-Activity-Assessment-in-Rats-via-Computer-Vision-Based-Object-Tracking/sleap-labeling/datasets/train/M8.mov,,,
481,torso,1522.1268371167575,767.8960320778218,C:/Users/ICT68/Documents/GitHub/Automated-Motor-Activity-Assessment-in-Rats-via-Computer-Vision-Based-Object-Tracking/sleap-labeling/datasets/train/M8.mov,,,
481,tail_base,1573.5639569512446,566.9657995196824,C:/Users/ICT68/Documents/GitHub/Automated-Motor-Activity-Assessment-in-Rats-via-Computer-Vision-Based-Object-Tracking/sleap-labeling/datasets/train/M8.mov,,,
444,head,1451.1627906976742,1012.416582406471,C:/Users/ICT68/Documents/GitHub/Automated-Motor-Activity-Assessment-in-Rats-via-Computer-Vision-Based-Object-Tracking/sleap-labeling/datasets/train/M8.mov,,,
444,torso,1525.0388694726726,769.8373869817652,C:/Users/ICT68/Documents/GitHub/Automated-Motor-Activity-Assessment-in-Rats-via-Computer-Vision-Based-Object-Tracking/sleap-labeling/datasets/train/M8.mov,,,
444,tail_base,1572.593279499273,559.2003799039089,C:/Users/ICT68/Documents/GitHub/Automated-Motor-Activity-Assessment-in-Rats-via-Computer-Vision-Based-Object-Tracking/sleap-labeling/datasets/train/M8.mov,,,
370,head,1535.611729019211,778.4833164812943,C:/Users/ICT68/Documents/GitHub/Automated-Motor-Activity-Assessment-in-Rats-via-Computer-Vision-Based-Object-Tracking/sleap-labeling/datasets/train/M8.mov,,,
370,torso,1568.7193548113987,532.0214112487017,C:/Users/ICT68/Documents/GitHub/Automated-Motor-Activity-Assessment-in-Rats-via-Computer-Vision-Based-Object-Tracking/sleap-labeling/datasets/train/M8.mov,,,
370,tail_base,1428.9330166074633,350.50472772999603,C:/Users/ICT68/Documents/GitHub/Automated-Motor-Activity-Assessment-in-Rats-via-Computer-Vision-Based-Object-Tracking/sleap-labeling/datasets/train/M8.mov,,,
296,head,1779.251769464105,48.53387259858442,C:/Users/ICT68/Documents/GitHub/Automated-Motor-Activity-Assessment-in-Rats-via-Computer-Vision-Based-Object-Tracking/sleap-labeling/datasets/train/M8.mov,,,
296,torso,1497.859900817466,165.01516683518705,C:/Users/ICT68/Documents/GitHub/Automated-Motor-Activity-Assessment-in-Rats-via-Computer-Vision-Based-Object-Tracking/sleap-labeling/datasets/train/M8.mov,,,
296,tail_base,1251.299042896645,265.96562184024265,C:/Users/ICT68/Documents/GitHub/Automated-Motor-Activity-Assessment-in-Rats-via-Computer-Vision-Based-Object-Tracking/sleap-labeling/datasets/train/M8.mov,,,
259,head,1584.1456016177956,0.0,C:/Users/ICT68/Documents/GitHub/Automated-Motor-Activity-Assessment-in-Rats-via-Computer-Vision-Based-Object-Tracking/sleap-labeling/datasets/train/M8.mov,,,
259,torso,1342.551508501995,199.07904522241247,C:/Users/ICT68/Documents/GitHub/Automated-Motor-Activity-Assessment-in-Rats-via-Computer-Vision-Based-Object-Tracking/sleap-labeling/datasets/train/M8.mov,,,
259,tail_base,1180.4395889027098,369.9182767694298,C:/Users/ICT68/Documents/GitHub/Automated-Motor-Activity-Assessment-in-Rats-via-Computer-Vision-Based-Object-Tracking/sleap-labeling/datasets/train/M8.mov,,,
222,head,1343.417593528817,15.530839231547048,C:/Users/ICT68/Documents/GitHub/Automated-Motor-Activity-Assessment-in-Rats-via-Computer-Vision-Based-Object-Tracking/sleap-labeling/datasets/train/M8.mov,,,
222,torso,1261.985279988345,267.9971443124024,C:/Users/ICT68/Documents/GitHub/Automated-Motor-Activity-Assessment-in-Rats-via-Computer-Vision-Based-Object-Tracking/sleap-labeling/datasets/train/M8.mov,,,
222,tail_base,1119.2869094284938,435.92434350350464,C:/Users/ICT68/Documents/GitHub/Automated-Motor-Activity-Assessment-in-Rats-via-Computer-Vision-Based-Object-Tracking/sleap-labeling/datasets/train/M8.mov,,,
148,head,1308.473205257836,549.4034378159757,C:/Users/ICT68/Documents/GitHub/Automated-Motor-Activity-Assessment-in-Rats-via-Computer-Vision-Based-Object-Tracking/sleap-labeling/datasets/train/M8.mov,,,
148,torso,1051.348272910489,457.2792474468815,C:/Users/ICT68/Documents/GitHub/Automated-Motor-Activity-Assessment-in-Rats-via-Computer-Vision-Based-Object-Tracking/sleap-labeling/datasets/train/M8.mov,,,
148,tail_base,819.3475767692422,442.7190856673062,C:/Users/ICT68/Documents/GitHub/Automated-Motor-Activity-Assessment-in-Rats-via-Computer-Vision-Based-Object-Tracking/sleap-labeling/datasets/train/M8.mov,,,
74,head,718.3013144590495,153.36703741152678,C:/Users/ICT68/Documents/GitHub/Automated-Motor-Activity-Assessment-in-Rats-via-Computer-Vision-Based-Object-Tracking/sleap-labeling/datasets/train/M8.mov,,,
74,torso,821.2977167931987,404.86266504041043,C:/Users/ICT68/Documents/GitHub/Automated-Motor-Activity-Assessment-in-Rats-via-Computer-Vision-Based-Object-Tracking/sleap-labeling/datasets/train/M8.mov,,,
74,tail_base,797.9926728258649,598.0274779827764,C:/Users/ICT68/Documents/GitHub/Automated-Motor-Activity-Assessment-in-Rats-via-Computer-Vision-Based-Object-Tracking/sleap-labeling/datasets/train/M8.mov,,,
37,head,591.1425682507582,254.3174924165824,C:/Users/ICT68/Documents/GitHub/Automated-Motor-Activity-Assessment-in-Rats-via-Computer-Vision-Based-Object-Tracking/sleap-labeling/datasets/train/M8.mov,,,
37,torso,840.7112658326323,405.83334249238203,C:/Users/ICT68/Documents/GitHub/Automated-Motor-Activity-Assessment-in-Rats-via-Computer-Vision-Based-Object-Tracking/sleap-labeling/datasets/train/M8.mov,,,
37,tail_base,794.1099630179782,593.1740907229181,C:/Users/ICT68/Documents/GitHub/Automated-Motor-Activity-Assessment-in-Rats-via-Computer-Vision-Based-Object-Tracking/sleap-labeling/datasets/train/M8.mov,,,
452,head,1447.8923766816145,1017.3991031390133,C:/Users/ICT68/Documents/GitHub/Automated-Motor-Activity-Assessment-in-Rats-via-Computer-Vision-Based-Object-Tracking/sleap-labeling/datasets/train/M8.mov,,,
452,torso,1500.2437917794823,763.340087086505,C:/Users/ICT68/Documents/GitHub/Automated-Motor-Activity-Assessment-in-Rats-via-Computer-Vision-Based-Object-Tracking/sleap-labeling/datasets/train/M8.mov,,,
452,tail_base,1572.192820640164,549.8331248516981,C:/Users/ICT68/Documents/GitHub/Automated-Motor-Activity-Assessment-in-Rats-via-Computer-Vision-Based-Object-Tracking/sleap-labeling/datasets/train/M8.mov,,,
699,head,1315.8744394618834,988.6995515695062,C:/Users/ICT68/Documents/GitHub/Automated-Motor-Activity-Assessment-in-Rats-via-Computer-Vision-Based-Object-Tracking/sleap-labeling/datasets/train/M8.mov,,,
699,torso,1521.3389778395967,862.090920242249,C:/Users/ICT68/Documents/GitHub/Automated-Motor-Activity-Assessment-in-Rats-via-Computer-Vision-Based-Object-Tracking/sleap-labeling/datasets/train/M8.mov,,,
699,tail_base,1586.4076592006527,716.5313796454604,C:/Users/ICT68/Documents/GitHub/Automated-Motor-Activity-Assessment-in-Rats-via-Computer-Vision-Based-Object-Tracking/sleap-labeling/datasets/train/M8.mov,,,
586,head,1647.3542600896862,1018.8340807174886,C:/Users/ICT68/Documents/GitHub/Automated-Motor-Activity-Assessment-in-Rats-via-Computer-Vision-Based-Object-Tracking/sleap-labeling/datasets/train/M8.mov,,,
586,torso,1501.5917130842386,752.2810384483457,C:/Users/ICT68/Documents/GitHub/Automated-Motor-Activity-Assessment-in-Rats-via-Computer-Vision-Based-Object-Tracking/sleap-labeling/datasets/train/M8.mov,,,
586,tail_base,1567.4206859024434,560.1725082937755,C:/Users/ICT68/Documents/GitHub/Automated-Motor-Activity-Assessment-in-Rats-via-Computer-Vision-Based-Object-Tracking/sleap-labeling/datasets/train/M8.mov,,,
8,head,662.9596412556054,212.37668161434976,C:/Users/ICT68/Documents/GitHub/Automated-Motor-Activity-Assessment-in-Rats-via-Computer-Vision-Based-Object-Tracking/sleap-labeling/datasets/train/M8.mov,,,
8,torso,866.655486338919,420.90858722479743,C:/Users/ICT68/Documents/GitHub/Automated-Motor-Activity-Assessment-in-Rats-via-Computer-Vision-Based-Object-Tracking/sleap-labeling/datasets/train/M8.mov,,,
8,tail_base,780.5509483861765,603.310342859651,C:/Users/ICT68/Documents/GitHub/Automated-Motor-Activity-Assessment-in-Rats-via-Computer-Vision-Based-Object-Tracking/sleap-labeling/datasets/train/M8.mov,,,
560,head,1396.2331838565024,1003.0493273542602,C:/Users/ICT68/Documents/GitHub/Automated-Motor-Activity-Assessment-in-Rats-via-Computer-Vision-Based-Object-Tracking/sleap-labeling/datasets/train/M8.mov,,,
560,torso,1515.9414888689919,765.1958366546235,C:/Users/ICT68/Documents/GitHub/Automated-Motor-Activity-Assessment-in-Rats-via-Computer-Vision-Based-Object-Tracking/sleap-labeling/datasets/train/M8.mov,,,
560,tail_base,1574.5955737948195,560.1725082937758,C:/Users/ICT68/Documents/GitHub/Automated-Motor-Activity-Assessment-in-Rats-via-Computer-Vision-Based-Object-Tracking/sleap-labeling/datasets/train/M8.mov,,,
584,head,1650.2242152466367,1028.8789237668163,C:/Users/ICT68/Documents/GitHub/Automated-Motor-Activity-Assessment-in-Rats-via-Computer-Vision-Based-Object-Tracking/sleap-labeling/datasets/train/M8.mov,,,
584,torso,1498.7217579272876,772.370724547,C:/Users/ICT68/Documents/GitHub/Automated-Motor-Activity-Assessment-in-Rats-via-Computer-Vision-Based-Object-Tracking/sleap-labeling/datasets/train/M8.mov,,,
584,tail_base,1565.985708323967,560.1725082937755,C:/Users/ICT68/Documents/GitHub/Automated-Motor-Activity-Assessment-in-Rats-via-Computer-Vision-Based-Object-Tracking/sleap-labeling/datasets/train/M8.mov,,,
440,head,1456.5022421524664,1014.5291479820626,C:/Users/ICT68/Documents/GitHub/Automated-Motor-Activity-Assessment-in-Rats-via-Computer-Vision-Based-Object-Tracking/sleap-labeling/datasets/train/M8.mov,,,
440,torso,1516.1518748638136,762.7060272262481,C:/Users/ICT68/Documents/GitHub/Automated-Motor-Activity-Assessment-in-Rats-via-Computer-Vision-Based-Object-Tracking/sleap-labeling/datasets/train/M8.mov,,,
440,tail_base,1573.8817123503204,556.0358843542074,C:/Users/ICT68/Documents/GitHub/Automated-Motor-Activity-Assessment-in-Rats-via-Computer-Vision-Based-Object-Tracking/sleap-labeling/datasets/train/M8.mov,,,
674,head,1292.914798206278,958.5650224215246,C:/Users/ICT68/Documents/GitHub/Automated-Motor-Activity-Assessment-in-Rats-via-Computer-Vision-Based-Object-Tracking/sleap-labeling/datasets/train/M8.mov,,,
674,torso,1517.0340451041711,860.6559426637737,C:/Users/ICT68/Documents/GitHub/Automated-Motor-Activity-Assessment-in-Rats-via-Computer-Vision-Based-Object-Tracking/sleap-labeling/datasets/train/M8.mov,,,
674,tail_base,1589.277614357603,719.4013348024109,C:/Users/ICT68/Documents/GitHub/Automated-Motor-Activity-Assessment-in-Rats-via-Computer-Vision-Based-Object-Tracking/sleap-labeling/datasets/train/M8.mov,,,
30,head,589.7757847533632,251.12107623318389,C:/Users/ICT68/Documents/GitHub/Automated-Motor-Activity-Assessment-in-Rats-via-Computer-Vision-Based-Object-Tracking/sleap-labeling/datasets/train/M8.mov,,,
30,torso,830.7810468770354,407.99378901851924,C:/Users/ICT68/Documents/GitHub/Automated-Motor-Activity-Assessment-in-Rats-via-Computer-Vision-Based-Object-Tracking/sleap-labeling/datasets/train/M8.mov,,,
30,tail_base,789.1608138570285,596.1354549672743,C:/Users/ICT68/Documents/GitHub/Automated-Motor-Activity-Assessment-in-Rats-via-Computer-Vision-Based-Object-Tracking/sleap-labeling/datasets/train/M8.mov,,,
47,head,675.8744394618834,196.5919282511211,C:/Users/ICT68/Documents/GitHub/Automated-Motor-Activity-Assessment-in-Rats-via-Computer-Vision-Based-Object-Tracking/sleap-labeling/datasets/train/M8.mov,,,
47,torso,820.6897738150576,429.90150030001496,C:/Users/ICT68/Documents/GitHub/Automated-Motor-Activity-Assessment-in-Rats-via-Computer-Vision-Based-Object-Tracking/sleap-labeling/datasets/train/M8.mov,,,
47,tail_base,799.9180674129598,595.7175848534207,C:/Users/ICT68/Documents/GitHub/Automated-Motor-Activity-Assessment-in-Rats-via-Computer-Vision-Based-Object-Tracking/sleap-labeling/datasets/train/M8.mov,,,
126,head,1183.8565022421521,447.713004484305,C:/Users/ICT68/Documents/GitHub/Automated-Motor-Activity-Assessment-in-Rats-via-Computer-Vision-Based-Object-Tracking/sleap-labeling/datasets/train/M8.mov,,,
126,torso,953.5753718961928,397.7443637259514,C:/Users/ICT68/Documents/GitHub/Automated-Motor-Activity-Assessment-in-Rats-via-Computer-Vision-Based-Object-Tracking/sleap-labeling/datasets/train/M8.mov,,,
126,tail_base,764.6181993576249,510.46627787576983,C:/Users/ICT68/Documents/GitHub/Automated-Motor-Activity-Assessment-in-Rats-via-Computer-Vision-Based-Object-Tracking/sleap-labeling/datasets/train/M8.mov,,,
123,head,1203.946188340807,353.0044843049326,C:/Users/ICT68/Documents/GitHub/Automated-Motor-Activity-Assessment-in-Rats-via-Computer-Vision-Based-Object-Tracking/sleap-labeling/datasets/train/M8.mov,,,
123,torso,944.9655064253404,393.43943099052535,C:/Users/ICT68/Documents/GitHub/Automated-Motor-Activity-Assessment-in-Rats-via-Computer-Vision-Based-Object-Tracking/sleap-labeling/datasets/train/M8.mov,,,
123,tail_base,767.4881545145755,539.1658294452767,C:/Users/ICT68/Documents/GitHub/Automated-Motor-Activity-Assessment-in-Rats-via-Computer-Vision-Based-Object-Tracking/sleap-labeling/datasets/train/M8.mov,,,
7,head,688.7892376681614,182.2421524663677,C:/Users/ICT68/Documents/GitHub/Automated-Motor-Activity-Assessment-in-Rats-via-Computer-Vision-Based-Object-Tracking/sleap-labeling/datasets/train/M8.mov,,,
7,torso,850.8707329756903,400.8189011261428,C:/Users/ICT68/Documents/GitHub/Automated-Motor-Activity-Assessment-in-Rats-via-Computer-Vision-Based-Object-Tracking/sleap-labeling/datasets/train/M8.mov,,,
7,tail_base,790.5957914355035,593.2654998103235,C:/Users/ICT68/Documents/GitHub/Automated-Motor-Activity-Assessment-in-Rats-via-Computer-Vision-Based-Object-Tracking/sleap-labeling/datasets/train/M8.mov,,,
269,head,1643.0493273542597,25.82959641255607,C:/Users/ICT68/Documents/GitHub/Automated-Motor-Activity-Assessment-in-Rats-via-Computer-Vision-Based-Object-Tracking/sleap-labeling/datasets/train/M8.mov,,,
269,torso,1368.4507499335268,186.1642470161346,C:/Users/ICT68/Documents/GitHub/Automated-Motor-Activity-Assessment-in-Rats-via-Computer-Vision-Based-Object-Tracking/sleap-labeling/datasets/train/M8.mov,,,
269,tail_base,1176.2043011862597,372.7882319263804,C:/Users/ICT68/Documents/GitHub/Automated-Motor-Activity-Assessment-in-Rats-via-Computer-Vision-Based-Object-Tracking/sleap-labeling/datasets/train/M8.mov,,,
589,head,1614.3497757847533,991.5695067264575,C:/Users/ICT68/Documents/GitHub/Automated-Motor-Activity-Assessment-in-Rats-via-Computer-Vision-Based-Object-Tracking/sleap-labeling/datasets/train/M8.mov,,,
589,torso,1511.6365561335658,760.8909039191976,C:/Users/ICT68/Documents/GitHub/Automated-Motor-Activity-Assessment-in-Rats-via-Computer-Vision-Based-Object-Tracking/sleap-labeling/datasets/train/M8.mov,,,
589,tail_base,1564.5507307454925,561.6074858722509,C:/Users/ICT68/Documents/GitHub/Automated-Motor-Activity-Assessment-in-Rats-via-Computer-Vision-Based-Object-Tracking/sleap-labeling/datasets/train/M8.mov,,,
195,head,1282.8699551569507,365.9192825112108,C:/Users/ICT68/Documents/GitHub/Automated-Motor-Activity-Assessment-in-Rats-via-Computer-Vision-Based-Object-Tracking/sleap-labeling/datasets/train/M8.mov,,,
195,torso,1057.902159383666,469.5425745381592,C:/Users/ICT68/Documents/GitHub/Automated-Motor-Activity-Assessment-in-Rats-via-Computer-Vision-Based-Object-Tracking/sleap-labeling/datasets/train/M8.mov,,,
195,tail_base,867.6405936772026,439.8737964545763,C:/Users/ICT68/Documents/GitHub/Automated-Motor-Activity-Assessment-in-Rats-via-Computer-Vision-Based-Object-Tracking/sleap-labeling/datasets/train/M8.mov,,,
412,head,1341.7040358744393,865.291479820628,C:/Users/ICT68/Documents/GitHub/Automated-Motor-Activity-Assessment-in-Rats-via-Computer-Vision-Based-Object-Tracking/sleap-labeling/datasets/train/M8.mov,,,
412,torso,1554.8962694826478,685.21723798858,C:/Users/ICT68/Documents/GitHub/Automated-Motor-Activity-Assessment-in-Rats-via-Computer-Vision-Based-Object-Tracking/sleap-labeling/datasets/train/M8.mov,,,
412,tail_base,1527.9624298391102,481.41705027349,C:/Users/ICT68/Documents/GitHub/Automated-Motor-Activity-Assessment-in-Rats-via-Computer-Vision-Based-Object-Tracking/sleap-labeling/datasets/train/M8.mov,,,
26,head,586.9058295964127,252.55605381165924,C:/Users/ICT68/Documents/GitHub/Automated-Motor-Activity-Assessment-in-Rats-via-Computer-Vision-Based-Object-Tracking/sleap-labeling/datasets/train/M8.mov,,,
26,torso,842.2608675048382,406.5588114400441,C:/Users/ICT68/Documents/GitHub/Automated-Motor-Activity-Assessment-in-Rats-via-Computer-Vision-Based-Object-Tracking/sleap-labeling/datasets/train/M8.mov,,,
26,tail_base,794.9007241709296,594.7004773887991,C:/Users/ICT68/Documents/GitHub/Automated-Motor-Activity-Assessment-in-Rats-via-Computer-Vision-Based-Object-Tracking/sleap-labeling/datasets/train/M8.mov,,,
424,head,1389.0582959641254,941.3452914798204,C:/Users/ICT68/Documents/GitHub/Automated-Motor-Activity-Assessment-in-Rats-via-Computer-Vision-Based-Object-Tracking/sleap-labeling/datasets/train/M8.mov,,,
424,torso,1519.0218300207644,731.1365204997905,C:/Users/ICT68/Documents/GitHub/Automated-Motor-Activity-Assessment-in-Rats-via-Computer-Vision-Based-Object-Tracking/sleap-labeling/datasets/train/M8.mov,,,
424,tail_base,1553.792026251666,524.4663776277498,C:/Users/ICT68/Documents/GitHub/Automated-Motor-Activity-Assessment-in-Rats-via-Computer-Vision-Based-Object-Tracking/sleap-labeling/datasets/train/M8.mov,,,
565,head,1393.3632286995512,1003.0493273542602,C:/Users/ICT68/Documents/GitHub/Automated-Motor-Activity-Assessment-in-Rats-via-Computer-Vision-Based-Object-Tracking/sleap-labeling/datasets/train/M8.mov,,,
565,torso,1521.681399182893,763.7608590761481,C:/Users/ICT68/Documents/GitHub/Automated-Motor-Activity-Assessment-in-Rats-via-Computer-Vision-Based-Object-Tracking/sleap-labeling/datasets/train/M8.mov,,,
565,tail_base,1571.7256186378686,560.1725082937756,C:/Users/ICT68/Documents/GitHub/Automated-Motor-Activity-Assessment-in-Rats-via-Computer-Vision-Based-Object-Tracking/sleap-labeling/datasets/train/M8.mov,,,
72,head,720.3587443946187,154.97757847533632,C:/Users/ICT68/Documents/GitHub/Automated-Motor-Activity-Assessment-in-Rats-via-Computer-Vision-Based-Object-Tracking/sleap-labeling/datasets/train/M8.mov,,,
72,torso,797.7301325594522,392.5920832596561,C:/Users/ICT68/Documents/GitHub/Automated-Motor-Activity-Assessment-in-Rats-via-Computer-Vision-Based-Object-Tracking/sleap-labeling/datasets/train/M8.mov,,,
72,tail_base,794.1781570990586,598.5875400103714,C:/Users/ICT68/Documents/GitHub/Automated-Motor-Activity-Assessment-in-Rats-via-Computer-Vision-Based-Object-Tracking/sleap-labeling/datasets/train/M8.mov,,,
651,head,1301.5246636771299,904.0358744394621,C:/Users/ICT68/Documents/GitHub/Automated-Motor-Activity-Assessment-in-Rats-via-Computer-Vision-Based-Object-Tracking/sleap-labeling/datasets/train/M8.mov,,,
651,torso,1520.7484461162003,878.9305054553781,C:/Users/ICT68/Documents/GitHub/Automated-Motor-Activity-Assessment-in-Rats-via-Computer-Vision-Based-Object-Tracking/sleap-labeling/datasets/train/M8.mov,,,
651,tail_base,1586.9996418619444,720.24578065749,C:/Users/ICT68/Documents/GitHub/Automated-Motor-Activity-Assessment-in-Rats-via-Computer-Vision-Based-Object-Tracking/sleap-labeling/datasets/train/M8.mov,,,
214,head,1307.2645739910313,61.70403587443951,C:/Users/ICT68/Documents/GitHub/Automated-Motor-Activity-Assessment-in-Rats-via-Computer-Vision-Based-Object-Tracking/sleap-labeling/datasets/train/M8.mov,,,
214,torso,1245.884222163935,350.43943552470637,C:/Users/ICT68/Documents/GitHub/Automated-Motor-Activity-Assessment-in-Rats-via-Computer-Vision-Based-Object-Tracking/sleap-labeling/datasets/train/M8.mov,,,
214,tail_base,1075.7123425561263,457.09352739628025,C:/Users/ICT68/Documents/GitHub/Automated-Motor-Activity-Assessment-in-Rats-via-Computer-Vision-Based-Object-Tracking/sleap-labeling/datasets/train/M8.mov,,,
372,head,1506.726457399103,800.7174887892377,C:/Users/ICT68/Documents/GitHub/Automated-Motor-Activity-Assessment-in-Rats-via-Computer-Vision-Based-Object-Tracking/sleap-labeling/datasets/train/M8.mov,,,
372,torso,1552.748881397569,561.4304714490218,C:/Users/ICT68/Documents/GitHub/Automated-Motor-Activity-Assessment-in-Rats-via-Computer-Vision-Based-Object-Tracking/sleap-labeling/datasets/train/M8.mov,,,
372,tail_base,1431.6172517138127,379.91378793031606,C:/Users/ICT68/Documents/GitHub/Automated-Motor-Activity-Assessment-in-Rats-via-Computer-Vision-Based-Object-Tracking/sleap-labeling/datasets/train/M8.mov,,,
116,head,1142.2421524663673,322.8699551569507,C:/Users/ICT68/Documents/GitHub/Automated-Motor-Activity-Assessment-in-Rats-via-Computer-Vision-Based-Object-Tracking/sleap-labeling/datasets/train/M8.mov,,,
116,torso,885.4843074065377,383.49325171808,C:/Users/ICT68/Documents/GitHub/Automated-Motor-Activity-Assessment-in-Rats-via-Computer-Vision-Based-Object-Tracking/sleap-labeling/datasets/train/M8.mov,,,
116,tail_base,754.3078346734542,556.7713004484305,C:/Users/ICT68/Documents/GitHub/Automated-Motor-Activity-Assessment-in-Rats-via-Computer-Vision-Based-Object-Tracking/sleap-labeling/datasets/train/M8.mov,,,
451,head,1448.1490478515625,1015.7545166015625,C:/Users/ICT68/Documents/GitHub/Automated-Motor-Activity-Assessment-in-Rats-via-Computer-Vision-Based-Object-Tracking/sleap-labeling/datasets/train/M8.mov,,,
451,torso,1509.9523062405242,765.1899416039023,C:/Users/ICT68/Documents/GitHub/Automated-Motor-Activity-Assessment-in-Rats-via-Computer-Vision-Based-Object-Tracking/sleap-labeling/datasets/train/M8.mov,,,
451,tail_base,1572.0458984375,556.0465087890625,C:/Users/ICT68/Documents/GitHub/Automated-Motor-Activity-Assessment-in-Rats-via-Computer-Vision-Based-Object-Tracking/sleap-labeling/datasets/train/M8.mov,,,
228,head,1364.0244856370769,6.938080994567997,C:/Users/ICT68/Documents/GitHub/Automated-Motor-Activity-Assessment-in-Rats-via-Computer-Vision-Based-Object-Tracking/sleap-labeling/datasets/train/M8.mov,,,
228,torso,1285.263946012497,230.4239672747923,C:/Users/ICT68/Documents/GitHub/Automated-Motor-Activity-Assessment-in-Rats-via-Computer-Vision-Based-Object-Tracking/sleap-labeling/datasets/train/M8.mov,,,
228,tail_base,1140.8070068359375,439.82867431640625,C:/Users/ICT68/Documents/GitHub/Automated-Motor-Activity-Assessment-in-Rats-via-Computer-Vision-Based-Object-Tracking/sleap-labeling/datasets/train/M8.mov,,,
614,head,1260.760009765625,964.3580322265625,C:/Users/ICT68/Documents/GitHub/Automated-Motor-Activity-Assessment-in-Rats-via-Computer-Vision-Based-Object-Tracking/sleap-labeling/datasets/train/M8.mov,,,
614,torso,1519.9163960683504,852.0516877452353,C:/Users/ICT68/Documents/GitHub/Automated-Motor-Activity-Assessment-in-Rats-via-Computer-Vision-Based-Object-Tracking/sleap-labeling/datasets/train/M8.mov,,,
614,tail_base,1560.850601648708,700.3768487148653,C:/Users/ICT68/Documents/GitHub/Automated-Motor-Activity-Assessment-in-Rats-via-Computer-Vision-Based-Object-Tracking/sleap-labeling/datasets/train/M8.mov,,,
216,head,1336.133056640625,36.280860900878906,C:/Users/ICT68/Documents/GitHub/Automated-Motor-Activity-Assessment-in-Rats-via-Computer-Vision-Based-Object-Tracking/sleap-labeling/datasets/train/M8.mov,,,
216,torso,1218.7694781521511,340.63716447086074,C:/Users/ICT68/Documents/GitHub/Automated-Motor-Activity-Assessment-in-Rats-via-Computer-Vision-Based-Object-Tracking/sleap-labeling/datasets/train/M8.mov,,,
216,tail_base,1088.03662109375,448.568115234375,C:/Users/ICT68/Documents/GitHub/Automated-Motor-Activity-Assessment-in-Rats-via-Computer-Vision-Based-Object-Tracking/sleap-labeling/datasets/train/M8.mov,,,
508,head,1403.8464342054287,1000.2562979463662,C:/Users/ICT68/Documents/GitHub/Automated-Motor-Activity-Assessment-in-Rats-via-Computer-Vision-Based-Object-Tracking/sleap-labeling/datasets/train/M8.mov,,,
508,torso,1524.5411376953125,769.2705078125,C:/Users/ICT68/Documents/GitHub/Automated-Motor-Activity-Assessment-in-Rats-via-Computer-Vision-Based-Object-Tracking/sleap-labeling/datasets/train/M8.mov,,,
508,tail_base,1573.1312255859375,564.7473754882812,C:/Users/ICT68/Documents/GitHub/Automated-Motor-Activity-Assessment-in-Rats-via-Computer-Vision-Based-Object-Tracking/sleap-labeling/datasets/train/M8.mov,,,
684,head,1329.156494140625,988.6947021484375,C:/Users/ICT68/Documents/GitHub/Automated-Motor-Activity-Assessment-in-Rats-via-Computer-Vision-Based-Object-Tracking/sleap-labeling/datasets/train/M8.mov,,,
684,torso,1517.509543093311,862.0320888207029,C:/Users/ICT68/Documents/GitHub/Automated-Motor-Activity-Assessment-in-Rats-via-Computer-Vision-Based-Object-Tracking/sleap-labeling/datasets/train/M8.mov,,,
684,tail_base,1588.469482421875,720.4957885742188,C:/Users/ICT68/Documents/GitHub/Automated-Motor-Activity-Assessment-in-Rats-via-Computer-Vision-Based-Object-Tracking/sleap-labeling/datasets/train/M8.mov,,,
686,head,1327.935791015625,985.0824584960938,C:/Users/ICT68/Documents/GitHub/Automated-Motor-Activity-Assessment-in-Rats-via-Computer-Vision-Based-Object-Tracking/sleap-labeling/datasets/train/M8.mov,,,
686,torso,1507.9095543913136,877.2124997081039,C:/Users/ICT68/Documents/GitHub/Automated-Motor-Activity-Assessment-in-Rats-via-Computer-Vision-Based-Object-Tracking/sleap-labeling/datasets/train/M8.mov,,,
686,tail_base,1584.208984375,717.6644897460938,C:/Users/ICT68/Documents/GitHub/Automated-Motor-Activity-Assessment-in-Rats-via-Computer-Vision-Based-Object-Tracking/sleap-labeling/datasets/train/M8.mov,,,
212,head,1299.7698974609375,80.94844055175781,C:/Users/ICT68/Documents/GitHub/Automated-Motor-Activity-Assessment-in-Rats-via-Computer-Vision-Based-Object-Tracking/sleap-labeling/datasets/train/M8.mov,,,
212,torso,1254.7024608668535,315.9956328114695,C:/Users/ICT68/Documents/GitHub/Automated-Motor-Activity-Assessment-in-Rats-via-Computer-Vision-Based-Object-Tracking/sleap-labeling/datasets/train/M8.mov,,,
212,tail_base,1068.74560546875,464.4798583984375,C:/Users/ICT68/Documents/GitHub/Automated-Motor-Activity-Assessment-in-Rats-via-Computer-Vision-Based-Object-Tracking/sleap-labeling/datasets/train/M8.mov,,,
348,head,1663.7214242986406,150.87581898298538,C:/Users/ICT68/Documents/GitHub/Automated-Motor-Activity-Assessment-in-Rats-via-Computer-Vision-Based-Object-Tracking/sleap-labeling/datasets/train/M8.mov,,,
348,torso,1442.5388914220653,194.01391632281354,C:/Users/ICT68/Documents/GitHub/Automated-Motor-Activity-Assessment-in-Rats-via-Computer-Vision-Based-Object-Tracking/sleap-labeling/datasets/train/M8.mov,,,
348,tail_base,1264.1708984375,216.86758422851562,C:/Users/ICT68/Documents/GitHub/Automated-Motor-Activity-Assessment-in-Rats-via-Computer-Vision-Based-Object-Tracking/sleap-labeling/datasets/train/M8.mov,,,
183,head,1251.7600314708063,592.3424858213432,C:/Users/ICT68/Documents/GitHub/Automated-Motor-Activity-Assessment-in-Rats-via-Computer-Vision-Based-Object-Tracking/sleap-labeling/datasets/train/M8.mov,,,
183,torso,1001.7386643390842,451.19151809743744,C:/Users/ICT68/Documents/GitHub/Automated-Motor-Activity-Assessment-in-Rats-via-Computer-Vision-Based-Object-Tracking/sleap-labeling/datasets/train/M8.mov,,,
183,tail_base,852.5962524414062,432.69964599609375,C:/Users/ICT68/Documents/GitHub/Automated-Motor-Activity-Assessment-in-Rats-via-Computer-Vision-Based-Object-Tracking/sleap-labeling/datasets/train/M8.mov,,,
1,head,704.57399103139,166.45739910313898,C:/Users/ICT68/Documents/GitHub/Automated-Motor-Activity-Assessment-in-Rats-via-Computer-Vision-Based-Object-Tracking/sleap-labeling/datasets/train/M8.mov,,,
1,torso,842.2608675048384,386.4691253413896,C:/Users/ICT68/Documents/GitHub/Automated-Motor-Activity-Assessment-in-Rats-via-Computer-Vision-Based-Object-Tracking/sleap-labeling/datasets/train/M8.mov,,,
1,tail_base,777.6809932292258,600.4403877027003,C:/Users/ICT68/Documents/GitHub/Automated-Motor-Activity-Assessment-in-Rats-via-Computer-Vision-Based-Object-Tracking/sleap-labeling/datasets/train/M8.mov,,,
11,head,640.0,241.07623318385646,C:/Users/ICT68/Documents/GitHub/Automated-Motor-Activity-Assessment-in-Rats-via-Computer-Vision-Based-Object-Tracking/sleap-labeling/datasets/train/M8.mov,,,
11,torso,853.7406881326406,423.77854238174837,C:/Users/ICT68/Documents/GitHub/Automated-Motor-Activity-Assessment-in-Rats-via-Computer-Vision-Based-Object-Tracking/sleap-labeling/datasets/train/M8.mov,,,
11,tail_base,786.2908587000779,594.7004773887993,C:/Users/ICT68/Documents/GitHub/Automated-Motor-Activity-Assessment-in-Rats-via-Computer-Vision-Based-Object-Tracking/sleap-labeling/datasets/train/M8.mov,,,
19,head,596.9506726457398,246.81614349775782,C:/Users/ICT68/Documents/GitHub/Automated-Motor-Activity-Assessment-in-Rats-via-Computer-Vision-Based-Object-Tracking/sleap-labeling/datasets/train/M8.mov,,,
19,torso,855.1756657111155,409.42876659699493,C:/Users/ICT68/Documents/GitHub/Automated-Motor-Activity-Assessment-in-Rats-via-Computer-Vision-Based-Object-Tracking/sleap-labeling/datasets/train/M8.mov,,,
19,tail_base,787.7258362785528,599.0054101242254,C:/Users/ICT68/Documents/GitHub/Automated-Motor-Activity-Assessment-in-Rats-via-Computer-Vision-Based-Object-Tracking/sleap-labeling/datasets/train/M8.mov,,,
46,head,667.2645739910315,193.72197309417044,C:/Users/ICT68/Documents/GitHub/Automated-Motor-Activity-Assessment-in-Rats-via-Computer-Vision-Based-Object-Tracking/sleap-labeling/datasets/train/M8.mov,,,
46,torso,829.2996392859097,415.5517245152614,C:/Users/ICT68/Documents/GitHub/Automated-Motor-Activity-Assessment-in-Rats-via-Computer-Vision-Based-Object-Tracking/sleap-labeling/datasets/train/M8.mov,,,
46,tail_base,789.8732243636327,600.0225175888469,C:/Users/ICT68/Documents/GitHub/Automated-Motor-Activity-Assessment-in-Rats-via-Computer-Vision-Based-Object-Tracking/sleap-labeling/datasets/train/M8.mov,,,
63,head,716.0538116591929,162.15246636771298,C:/Users/ICT68/Documents/GitHub/Automated-Motor-Activity-Assessment-in-Rats-via-Computer-Vision-Based-Object-Tracking/sleap-labeling/datasets/train/M8.mov,,,
63,torso,817.8198186581069,422.7266124076382,C:/Users/ICT68/Documents/GitHub/Automated-Motor-Activity-Assessment-in-Rats-via-Computer-Vision-Based-Object-Tracking/sleap-labeling/datasets/train/M8.mov,,,
63,tail_base,789.8732243636323,605.762427902748,C:/Users/ICT68/Documents/GitHub/Automated-Motor-Activity-Assessment-in-Rats-via-Computer-Vision-Based-Object-Tracking/sleap-labeling/datasets/train/M8.mov,,,
81,head,747.6233183856502,147.8026905829596,C:/Users/ICT68/Documents/GitHub/Automated-Motor-Activity-Assessment-in-Rats-via-Computer-Vision-Based-Object-Tracking/sleap-labeling/datasets/train/M8.mov,,,
81,torso,800.3955054731628,416.5180491535474,C:/Users/ICT68/Documents/GitHub/Automated-Motor-Activity-Assessment-in-Rats-via-Computer-Vision-Based-Object-Tracking/sleap-labeling/datasets/train/M8.mov,,,
81,tail_base,792.8752148690573,601.0729966250615,C:/Users/ICT68/Documents/GitHub/Automated-Motor-Activity-Assessment-in-Rats-via-Computer-Vision-Based-Object-Tracking/sleap-labeling/datasets/train/M8.mov,,,
89,head,886.8161434977578,203.76681614349786,C:/Users/ICT68/Documents/GitHub/Automated-Motor-Activity-Assessment-in-Rats-via-Computer-Vision-Based-Object-Tracking/sleap-labeling/datasets/train/M8.mov,,,
89,torso,787.2837766396951,422.64218001335684,C:/Users/ICT68/Documents/GitHub/Automated-Motor-Activity-Assessment-in-Rats-via-Computer-Vision-Based-Object-Tracking/sleap-labeling/datasets/train/M8.mov,,,
89,tail_base,779.6133778880805,610.2268314978019,C:/Users/ICT68/Documents/GitHub/Automated-Motor-Activity-Assessment-in-Rats-via-Computer-Vision-Based-Object-Tracking/sleap-labeling/datasets/train/M8.mov,,,
97,head,932.8855608867229,242.35422403169883,C:/Users/ICT68/Documents/GitHub/Automated-Motor-Activity-Assessment-in-Rats-via-Computer-Vision-Based-Object-Tracking/sleap-labeling/datasets/train/M8.mov,,,
97,torso,787.0207688461298,410.4421218360915,C:/Users/ICT68/Documents/GitHub/Automated-Motor-Activity-Assessment-in-Rats-via-Computer-Vision-Based-Object-Tracking/sleap-labeling/datasets/train/M8.mov,,,
97,tail_base,772.2223046818183,607.8278632629949,C:/Users/ICT68/Documents/GitHub/Automated-Motor-Activity-Assessment-in-Rats-via-Computer-Vision-Based-Object-Tracking/sleap-labeling/datasets/train/M8.mov,,,
106,head,1070.1008200811407,309.1798372757334,C:/Users/ICT68/Documents/GitHub/Automated-Motor-Activity-Assessment-in-Rats-via-Computer-Vision-Based-Object-Tracking/sleap-labeling/datasets/train/M8.mov,,,
106,torso,818.599660619084,388.9075655504522,C:/Users/ICT68/Documents/GitHub/Automated-Motor-Activity-Assessment-in-Rats-via-Computer-Vision-Based-Object-Tracking/sleap-labeling/datasets/train/M8.mov,,,
106,tail_base,764.9957883036177,606.7508242673052,C:/Users/ICT68/Documents/GitHub/Automated-Motor-Activity-Assessment-in-Rats-via-Computer-Vision-Based-Object-Tracking/sleap-labeling/datasets/train/M8.mov,,,
115,head,1154.7465968569177,327.8910089840631,C:/Users/ICT68/Documents/GitHub/Automated-Motor-Activity-Assessment-in-Rats-via-Computer-Vision-Based-Object-Tracking/sleap-labeling/datasets/train/M8.mov,,,
115,torso,886.3215044821627,375.34109470605216,C:/Users/ICT68/Documents/GitHub/Automated-Motor-Activity-Assessment-in-Rats-via-Computer-Vision-Based-Object-Tracking/sleap-labeling/datasets/train/M8.mov,,,
115,tail_base,749.8016065689933,569.809908349285,C:/Users/ICT68/Documents/GitHub/Automated-Motor-Activity-Assessment-in-Rats-via-Computer-Vision-Based-Object-Tracking/sleap-labeling/datasets/train/M8.mov,,,
125,head,1193.0599484501645,430.3569492915828,C:/Users/ICT68/Documents/GitHub/Automated-Motor-Activity-Assessment-in-Rats-via-Computer-Vision-Based-Object-Tracking/sleap-labeling/datasets/train/M8.mov,,,
125,torso,948.3822198397713,382.7790171222392,C:/Users/ICT68/Documents/GitHub/Automated-Motor-Activity-Assessment-in-Rats-via-Computer-Vision-Based-Object-Tracking/sleap-labeling/datasets/train/M8.mov,,,
125,tail_base,761.9479636834558,522.9624358902786,C:/Users/ICT68/Documents/GitHub/Automated-Motor-Activity-Assessment-in-Rats-via-Computer-Vision-Based-Object-Tracking/sleap-labeling/datasets/train/M8.mov,,,
134,head,1218.2959641255607,525.2017937219732,C:/Users/ICT68/Documents/GitHub/Automated-Motor-Activity-Assessment-in-Rats-via-Computer-Vision-Based-Object-Tracking/sleap-labeling/datasets/train/M8.mov,,,
134,torso,970.795102837897,422.1389825600322,C:/Users/ICT68/Documents/GitHub/Automated-Motor-Activity-Assessment-in-Rats-via-Computer-Vision-Based-Object-Tracking/sleap-labeling/datasets/train/M8.mov,,,
134,tail_base,776.0980199854279,448.76224200133026,C:/Users/ICT68/Documents/GitHub/Automated-Motor-Activity-Assessment-in-Rats-via-Computer-Vision-Based-Object-Tracking/sleap-labeling/datasets/train/M8.mov,,,
142,head,1278.5650224215249,513.7219730941705,C:/Users/ICT68/Documents/GitHub/Automated-Motor-Activity-Assessment-in-Rats-via-Computer-Vision-Based-Object-Tracking/sleap-labeling/datasets/train/M8.mov,,,
142,torso,995.1897216719776,423.57396013850735,C:/Users/ICT68/Documents/GitHub/Automated-Motor-Activity-Assessment-in-Rats-via-Computer-Vision-Based-Object-Tracking/sleap-labeling/datasets/train/M8.mov,,,
142,tail_base,801.9276163979835,445.89228684437956,C:/Users/ICT68/Documents/GitHub/Automated-Motor-Activity-Assessment-in-Rats-via-Computer-Vision-Based-Object-Tracking/sleap-labeling/datasets/train/M8.mov,,,
151,head,1304.3946188340808,558.2062780269058,C:/Users/ICT68/Documents/GitHub/Automated-Motor-Activity-Assessment-in-Rats-via-Computer-Vision-Based-Object-Tracking/sleap-labeling/datasets/train/M8.mov,,,
151,torso,1032.9199107019797,470.38702039323744,C:/Users/ICT68/Documents/GitHub/Automated-Motor-Activity-Assessment-in-Rats-via-Computer-Vision-Based-Object-Tracking/sleap-labeling/datasets/train/M8.mov,,,
151,tail_base,833.923698865666,442.9120604073843,C:/Users/ICT68/Documents/GitHub/Automated-Motor-Activity-Assessment-in-Rats-via-Computer-Vision-Based-Object-Tracking/sleap-labeling/datasets/train/M8.mov,,,
159,head,1275.6950672645742,622.780269058296,C:/Users/ICT68/Documents/GitHub/Automated-Motor-Activity-Assessment-in-Rats-via-Computer-Vision-Based-Object-Tracking/sleap-labeling/datasets/train/M8.mov,,,
159,torso,1053.0095968006335,457.47222218695924,C:/Users/ICT68/Documents/GitHub/Automated-Motor-Activity-Assessment-in-Rats-via-Computer-Vision-Based-Object-Tracking/sleap-labeling/datasets/train/M8.mov,,,
159,tail_base,852.5784073858449,428.56228462263107,C:/Users/ICT68/Documents/GitHub/Automated-Motor-Activity-Assessment-in-Rats-via-Computer-Vision-Based-Object-Tracking/sleap-labeling/datasets/train/M8.mov,,,
167,head,1269.9551569506725,542.4215246636771,C:/Users/ICT68/Documents/GitHub/Automated-Motor-Activity-Assessment-in-Rats-via-Computer-Vision-Based-Object-Tracking/sleap-labeling/datasets/train/M8.mov,,,
167,torso,1015.7001797602748,464.647110079336,C:/Users/ICT68/Documents/GitHub/Automated-Motor-Activity-Assessment-in-Rats-via-Computer-Vision-Based-Object-Tracking/sleap-labeling/datasets/train/M8.mov,,,
167,tail_base,846.8384970719435,422.82237430872954,C:/Users/ICT68/Documents/GitHub/Automated-Motor-Activity-Assessment-in-Rats-via-Computer-Vision-Based-Object-Tracking/sleap-labeling/datasets/train/M8.mov,,,
175,head,1331.659192825112,538.1165919282511,C:/Users/ICT68/Documents/GitHub/Automated-Motor-Activity-Assessment-in-Rats-via-Computer-Vision-Based-Object-Tracking/sleap-labeling/datasets/train/M8.mov,,,
175,torso,1044.3997313297818,461.7771549223854,C:/Users/ICT68/Documents/GitHub/Automated-Motor-Activity-Assessment-in-Rats-via-Computer-Vision-Based-Object-Tracking/sleap-labeling/datasets/train/M8.mov,,,
175,tail_base,855.4483625427954,425.69232946568036,C:/Users/ICT68/Documents/GitHub/Automated-Motor-Activity-Assessment-in-Rats-via-Computer-Vision-Based-Object-Tracking/sleap-labeling/datasets/train/M8.mov,,,
184,head,1245.624796764915,569.7225278554533,C:/Users/ICT68/Documents/GitHub/Automated-Motor-Activity-Assessment-in-Rats-via-Computer-Vision-Based-Object-Tracking/sleap-labeling/datasets/train/M8.mov,,,
184,torso,1035.5796070060742,462.4249400294535,C:/Users/ICT68/Documents/GitHub/Automated-Motor-Activity-Assessment-in-Rats-via-Computer-Vision-Based-Object-Tracking/sleap-labeling/datasets/train/M8.mov,,,
184,tail_base,856.1113066955891,427.53142817604294,C:/Users/ICT68/Documents/GitHub/Automated-Motor-Activity-Assessment-in-Rats-via-Computer-Vision-Based-Object-Tracking/sleap-labeling/datasets/train/M8.mov,,,
193,head,1268.5201793721972,396.0538116591929,C:/Users/ICT68/Documents/GitHub/Automated-Motor-Activity-Assessment-in-Rats-via-Computer-Vision-Based-Object-Tracking/sleap-labeling/datasets/train/M8.mov,,,
193,torso,1073.6869127468951,478.15244000901134,C:/Users/ICT68/Documents/GitHub/Automated-Motor-Activity-Assessment-in-Rats-via-Computer-Vision-Based-Object-Tracking/sleap-labeling/datasets/train/M8.mov,,,
193,tail_base,856.1607730493997,434.1338861406748,C:/Users/ICT68/Documents/GitHub/Automated-Motor-Activity-Assessment-in-Rats-via-Computer-Vision-Based-Object-Tracking/sleap-labeling/datasets/train/M8.mov,,,
202,head,1361.7937219730939,258.2959641255605,C:/Users/ICT68/Documents/GitHub/Automated-Motor-Activity-Assessment-in-Rats-via-Computer-Vision-Based-Object-Tracking/sleap-labeling/datasets/train/M8.mov,,,
202,torso,1164.0905001908404,419.3183592915225,C:/Users/ICT68/Documents/GitHub/Automated-Motor-Activity-Assessment-in-Rats-via-Computer-Vision-Based-Object-Tracking/sleap-labeling/datasets/train/M8.mov,,,
202,tail_base,923.6047192377405,472.87828075950904,C:/Users/ICT68/Documents/GitHub/Automated-Motor-Activity-Assessment-in-Rats-via-Computer-Vision-Based-Object-Tracking/sleap-labeling/datasets/train/M8.mov,,,
210,head,1325.9192825112107,140.627802690583,C:/Users/ICT68/Documents/GitHub/Automated-Motor-Activity-Assessment-in-Rats-via-Computer-Vision-Based-Object-Tracking/sleap-labeling/datasets/train/M8.mov,,,
210,torso,1264.538930684114,353.30939068165685,C:/Users/ICT68/Documents/GitHub/Automated-Motor-Activity-Assessment-in-Rats-via-Computer-Vision-Based-Object-Tracking/sleap-labeling/datasets/train/M8.mov,,,
210,tail_base,1051.3177237220457,488.6630341227378,C:/Users/ICT68/Documents/GitHub/Automated-Motor-Activity-Assessment-in-Rats-via-Computer-Vision-Based-Object-Tracking/sleap-labeling/datasets/train/M8.mov,,,
221,head,1347.4439461883412,14.349775784753405,C:/Users/ICT68/Documents/GitHub/Automated-Motor-Activity-Assessment-in-Rats-via-Computer-Vision-Based-Object-Tracking/sleap-labeling/datasets/train/M8.mov,,,
221,torso,1253.0400089554726,274.2217744219998,C:/Users/ICT68/Documents/GitHub/Automated-Motor-Activity-Assessment-in-Rats-via-Computer-Vision-Based-Object-Tracking/sleap-labeling/datasets/train/M8.mov,,,
221,tail_base,1107.9573761123177,443.85676105995344,C:/Users/ICT68/Documents/GitHub/Automated-Motor-Activity-Assessment-in-Rats-via-Computer-Vision-Based-Object-Tracking/sleap-labeling/datasets/train/M8.mov,,,
231,head,1379.5276197695875,0.0,C:/Users/ICT68/Documents/GitHub/Automated-Motor-Activity-Assessment-in-Rats-via-Computer-Vision-Based-Object-Tracking/sleap-labeling/datasets/train/M8.mov,,,
231,torso,1275.8331093527147,234.86368749224187,C:/Users/ICT68/Documents/GitHub/Automated-Motor-Activity-Assessment-in-Rats-via-Computer-Vision-Based-Object-Tracking/sleap-labeling/datasets/train/M8.mov,,,
231,tail_base,1145.7511310643315,434.32557090031344,C:/Users/ICT68/Documents/GitHub/Automated-Motor-Activity-Assessment-in-Rats-via-Computer-Vision-Based-Object-Tracking/sleap-labeling/datasets/train/M8.mov,,,
248,head,1512.4663677130047,0.0,C:/Users/ICT68/Documents/GitHub/Automated-Motor-Activity-Assessment-in-Rats-via-Computer-Vision-Based-Object-Tracking/sleap-labeling/datasets/train/M8.mov,,,
248,torso,1292.5386734396293,231.9937323352911,C:/Users/ICT68/Documents/GitHub/Automated-Motor-Activity-Assessment-in-Rats-via-Computer-Vision-Based-Object-Tracking/sleap-labeling/datasets/train/M8.mov,,,
248,tail_base,1155.2818072588693,415.67086238013417,C:/Users/ICT68/Documents/GitHub/Automated-Motor-Activity-Assessment-in-Rats-via-Computer-Vision-Based-Object-Tracking/sleap-labeling/datasets/train/M8.mov,,,
256,head,1559.8206278026905,0.0,C:/Users/ICT68/Documents/GitHub/Automated-Motor-Activity-Assessment-in-Rats-via-Computer-Vision-Based-Object-Tracking/sleap-labeling/datasets/train/M8.mov,,,
256,torso,1329.848090479988,221.94888928596373,C:/Users/ICT68/Documents/GitHub/Automated-Motor-Activity-Assessment-in-Rats-via-Computer-Vision-Based-Object-Tracking/sleap-labeling/datasets/train/M8.mov,,,
256,tail_base,1168.1966054651473,394.1461987030043,C:/Users/ICT68/Documents/GitHub/Automated-Motor-Activity-Assessment-in-Rats-via-Computer-Vision-Based-Object-Tracking/sleap-labeling/datasets/train/M8.mov,,,
268,head,1660.269058295964,8.609865470852014,C:/Users/ICT68/Documents/GitHub/Automated-Motor-Activity-Assessment-in-Rats-via-Computer-Vision-Based-Object-Tracking/sleap-labeling/datasets/train/M8.mov,,,
268,torso,1354.1009741487733,199.07904522241256,C:/Users/ICT68/Documents/GitHub/Automated-Motor-Activity-Assessment-in-Rats-via-Computer-Vision-Based-Object-Tracking/sleap-labeling/datasets/train/M8.mov,,,
268,tail_base,1176.2043011862595,372.7882319263806,C:/Users/ICT68/Documents/GitHub/Automated-Motor-Activity-Assessment-in-Rats-via-Computer-Vision-Based-Object-Tracking/sleap-labeling/datasets/train/M8.mov,,,
278,head,1519.641255605381,111.92825112107624,C:/Users/ICT68/Documents/GitHub/Automated-Motor-Activity-Assessment-in-Rats-via-Computer-Vision-Based-Object-Tracking/sleap-labeling/datasets/train/M8.mov,,,
278,torso,1322.531467422316,207.68891069326452,C:/Users/ICT68/Documents/GitHub/Automated-Motor-Activity-Assessment-in-Rats-via-Computer-Vision-Based-Object-Tracking/sleap-labeling/datasets/train/M8.mov,,,
278,tail_base,1124.5451083611479,362.743388877053,C:/Users/ICT68/Documents/GitHub/Automated-Motor-Activity-Assessment-in-Rats-via-Computer-Vision-Based-Object-Tracking/sleap-labeling/datasets/train/M8.mov,,,
286,head,1677.4887892376673,147.80269058295966,C:/Users/ICT68/Documents/GitHub/Automated-Motor-Activity-Assessment-in-Rats-via-Computer-Vision-Based-Object-Tracking/sleap-labeling/datasets/train/M8.mov,,,
286,torso,1404.3251893954098,180.42433670223312,C:/Users/ICT68/Documents/GitHub/Automated-Motor-Activity-Assessment-in-Rats-via-Computer-Vision-Based-Object-Tracking/sleap-labeling/datasets/train/M8.mov,,,
286,tail_base,1169.0294132938832,308.2142408949902,C:/Users/ICT68/Documents/GitHub/Automated-Motor-Activity-Assessment-in-Rats-via-Computer-Vision-Based-Object-Tracking/sleap-labeling/datasets/train/M8.mov,,,
295,head,1763.5874439461877,86.0986547085202,C:/Users/ICT68/Documents/GitHub/Automated-Motor-Activity-Assessment-in-Rats-via-Computer-Vision-Based-Object-Tracking/sleap-labeling/datasets/train/M8.mov,,,
295,torso,1455.9843822205228,163.20460576052903,C:/Users/ICT68/Documents/GitHub/Automated-Motor-Activity-Assessment-in-Rats-via-Computer-Vision-Based-Object-Tracking/sleap-labeling/datasets/train/M8.mov,,,
295,tail_base,1232.1684267467986,272.3398014331069,C:/Users/ICT68/Documents/GitHub/Automated-Motor-Activity-Assessment-in-Rats-via-Computer-Vision-Based-Object-Tracking/sleap-labeling/datasets/train/M8.mov,,,
312,head,1777.9372197309413,0.0,C:/Users/ICT68/Documents/GitHub/Automated-Motor-Activity-Assessment-in-Rats-via-Computer-Vision-Based-Object-Tracking/sleap-labeling/datasets/train/M8.mov,,,
312,torso,1545.872445134506,141.29704025720164,C:/Users/ICT68/Documents/GitHub/Automated-Motor-Activity-Assessment-in-Rats-via-Computer-Vision-Based-Object-Tracking/sleap-labeling/datasets/train/M8.mov,,,
312,tail_base,1298.2981580562964,258.9652016921793,C:/Users/ICT68/Documents/GitHub/Automated-Motor-Activity-Assessment-in-Rats-via-Computer-Vision-Based-Object-Tracking/sleap-labeling/datasets/train/M8.mov,,,
321,head,1707.6233183856502,0.0,C:/Users/ICT68/Documents/GitHub/Automated-Motor-Activity-Assessment-in-Rats-via-Computer-Vision-Based-Object-Tracking/sleap-labeling/datasets/train/M8.mov,,,
321,torso,1502.8231177802459,171.43156940518367,C:/Users/ICT68/Documents/GitHub/Automated-Motor-Activity-Assessment-in-Rats-via-Computer-Vision-Based-Object-Tracking/sleap-labeling/datasets/train/M8.mov,,,
321,tail_base,1271.0335840652654,267.57506716303135,C:/Users/ICT68/Documents/GitHub/Automated-Motor-Activity-Assessment-in-Rats-via-Computer-Vision-Based-Object-Tracking/sleap-labeling/datasets/train/M8.mov,,,
338,head,1720.5381165919289,0.0,C:/Users/ICT68/Documents/GitHub/Automated-Motor-Activity-Assessment-in-Rats-via-Computer-Vision-Based-Object-Tracking/sleap-labeling/datasets/train/M8.mov,,,
338,torso,1507.1778239812352,187.85458966418685,C:/Users/ICT68/Documents/GitHub/Automated-Motor-Activity-Assessment-in-Rats-via-Computer-Vision-Based-Object-Tracking/sleap-labeling/datasets/train/M8.mov,,,
338,tail_base,1278.1312373948685,270.74086787246,C:/Users/ICT68/Documents/GitHub/Automated-Motor-Activity-Assessment-in-Rats-via-Computer-Vision-Based-Object-Tracking/sleap-labeling/datasets/train/M8.mov,,,
355,head,1507.7309540537276,539.8989062520548,C:/Users/ICT68/Documents/GitHub/Automated-Motor-Activity-Assessment-in-Rats-via-Computer-Vision-Based-Object-Tracking/sleap-labeling/datasets/train/M8.mov,,,
355,torso,1511.7714262344389,301.3280881154854,C:/Users/ICT68/Documents/GitHub/Automated-Motor-Activity-Assessment-in-Rats-via-Computer-Vision-Based-Object-Tracking/sleap-labeling/datasets/train/M8.mov,,,
355,tail_base,1279.3732409550028,199.44468004373653,C:/Users/ICT68/Documents/GitHub/Automated-Motor-Activity-Assessment-in-Rats-via-Computer-Vision-Based-Object-Tracking/sleap-labeling/datasets/train/M8.mov,,,
363,head,1565.5605381165915,703.1390134529148,C:/Users/ICT68/Documents/GitHub/Automated-Motor-Activity-Assessment-in-Rats-via-Computer-Vision-Based-Object-Tracking/sleap-labeling/datasets/train/M8.mov,,,
363,torso,1512.2019071582895,432.99868858988805,C:/Users/ICT68/Documents/GitHub/Automated-Motor-Activity-Assessment-in-Rats-via-Computer-Vision-Based-Object-Tracking/sleap-labeling/datasets/train/M8.mov,,,
363,tail_base,1424.7364573048626,253.62649128047104,C:/Users/ICT68/Documents/GitHub/Automated-Motor-Activity-Assessment-in-Rats-via-Computer-Vision-Based-Object-Tracking/sleap-labeling/datasets/train/M8.mov,,,
373,head,1486.6367713004483,805.0224215246636,C:/Users/ICT68/Documents/GitHub/Automated-Motor-Activity-Assessment-in-Rats-via-Computer-Vision-Based-Object-Tracking/sleap-labeling/datasets/train/M8.mov,,,
373,torso,1555.61883655452,554.2555835566451,C:/Users/ICT68/Documents/GitHub/Automated-Motor-Activity-Assessment-in-Rats-via-Computer-Vision-Based-Object-Tracking/sleap-labeling/datasets/train/M8.mov,,,
373,tail_base,1430.1822741353374,382.78374308726677,C:/Users/ICT68/Documents/GitHub/Automated-Motor-Activity-Assessment-in-Rats-via-Computer-Vision-Based-Object-Tracking/sleap-labeling/datasets/train/M8.mov,,,
381,head,1462.2421524663678,815.067264573991,C:/Users/ICT68/Documents/GitHub/Automated-Motor-Activity-Assessment-in-Rats-via-Computer-Vision-Based-Object-Tracking/sleap-labeling/datasets/train/M8.mov,,,
381,torso,1554.1838589760446,624.5694849019367,C:/Users/ICT68/Documents/GitHub/Automated-Motor-Activity-Assessment-in-Rats-via-Computer-Vision-Based-Object-Tracking/sleap-labeling/datasets/train/M8.mov,,,
381,tail_base,1522.0208391577594,422.96311528457613,C:/Users/ICT68/Documents/GitHub/Automated-Motor-Activity-Assessment-in-Rats-via-Computer-Vision-Based-Object-Tracking/sleap-labeling/datasets/train/M8.mov,,,
397,head,1380.448430493273,833.7219730941704,C:/Users/ICT68/Documents/GitHub/Automated-Motor-Activity-Assessment-in-Rats-via-Computer-Vision-Based-Object-Tracking/sleap-labeling/datasets/train/M8.mov,,,
397,torso,1582.8834105455508,621.699529744986,C:/Users/ICT68/Documents/GitHub/Automated-Motor-Activity-Assessment-in-Rats-via-Computer-Vision-Based-Object-Tracking/sleap-labeling/datasets/train/M8.mov,,,
397,tail_base,1539.2405700994632,437.31289106932957,C:/Users/ICT68/Documents/GitHub/Automated-Motor-Activity-Assessment-in-Rats-via-Computer-Vision-Based-Object-Tracking/sleap-labeling/datasets/train/M8.mov,,,
405,head,1443.5874439461882,896.8609865470853,C:/Users/ICT68/Documents/GitHub/Automated-Motor-Activity-Assessment-in-Rats-via-Computer-Vision-Based-Object-Tracking/sleap-labeling/datasets/train/M8.mov,,,
405,torso,1567.0986571823228,661.8789019422954,C:/Users/ICT68/Documents/GitHub/Automated-Motor-Activity-Assessment-in-Rats-via-Computer-Vision-Based-Object-Tracking/sleap-labeling/datasets/train/M8.mov,,,
405,tail_base,1534.9356373640376,467.4474202173118,C:/Users/ICT68/Documents/GitHub/Automated-Motor-Activity-Assessment-in-Rats-via-Computer-Vision-Based-Object-Tracking/sleap-labeling/datasets/train/M8.mov,,,
415,head,1315.5043648857895,861.3566216612953,C:/Users/ICT68/Documents/GitHub/Automated-Motor-Activity-Assessment-in-Rats-via-Computer-Vision-Based-Object-Tracking/sleap-labeling/datasets/train/M8.mov,,,
415,torso,1539.239969528208,689.3674366240447,C:/Users/ICT68/Documents/GitHub/Automated-Motor-Activity-Assessment-in-Rats-via-Computer-Vision-Based-Object-Tracking/sleap-labeling/datasets/train/M8.mov,,,
415,tail_base,1524.0973492012217,476.68050069054374,C:/Users/ICT68/Documents/GitHub/Automated-Motor-Activity-Assessment-in-Rats-via-Computer-Vision-Based-Object-Tracking/sleap-labeling/datasets/train/M8.mov,,,
423,head,1377.7904214590833,918.8973214085981,C:/Users/ICT68/Documents/GitHub/Automated-Motor-Activity-Assessment-in-Rats-via-Computer-Vision-Based-Object-Tracking/sleap-labeling/datasets/train/M8.mov,,,
423,torso,1518.1919280293796,725.7968315264098,C:/Users/ICT68/Documents/GitHub/Automated-Motor-Activity-Assessment-in-Rats-via-Computer-Vision-Based-Object-Tracking/sleap-labeling/datasets/train/M8.mov,,,
423,tail_base,1546.3830386998968,526.4433512844486,C:/Users/ICT68/Documents/GitHub/Automated-Motor-Activity-Assessment-in-Rats-via-Computer-Vision-Based-Object-Tracking/sleap-labeling/datasets/train/M8.mov,,,
432,head,1456.680034300692,1015.5648751722597,C:/Users/ICT68/Documents/GitHub/Automated-Motor-Activity-Assessment-in-Rats-via-Computer-Vision-Based-Object-Tracking/sleap-labeling/datasets/train/M8.mov,,,
432,torso,1507.7539555157225,757.5778879642131,C:/Users/ICT68/Documents/GitHub/Automated-Motor-Activity-Assessment-in-Rats-via-Computer-Vision-Based-Object-Tracking/sleap-labeling/datasets/train/M8.mov,,,
432,tail_base,1571.4133057449592,548.6855024769159,C:/Users/ICT68/Documents/GitHub/Automated-Motor-Activity-Assessment-in-Rats-via-Computer-Vision-Based-Object-Tracking/sleap-labeling/datasets/train/M8.mov,,,
462,head,1474.4579752227446,962.2310524061015,C:/Users/ICT68/Documents/GitHub/Automated-Motor-Activity-Assessment-in-Rats-via-Computer-Vision-Based-Object-Tracking/sleap-labeling/datasets/train/M8.mov,,,
462,torso,1507.903812463567,746.8880897052182,C:/Users/ICT68/Documents/GitHub/Automated-Motor-Activity-Assessment-in-Rats-via-Computer-Vision-Based-Object-Tracking/sleap-labeling/datasets/train/M8.mov,,,
462,tail_base,1570.744883938287,556.642705097031,C:/Users/ICT68/Documents/GitHub/Automated-Motor-Activity-Assessment-in-Rats-via-Computer-Vision-Based-Object-Tracking/sleap-labeling/datasets/train/M8.mov,,,
478,head,1528.9029192965313,1017.7871177875164,C:/Users/ICT68/Documents/GitHub/Automated-Motor-Activity-Assessment-in-Rats-via-Computer-Vision-Based-Object-Tracking/sleap-labeling/datasets/train/M8.mov,,,
478,torso,1506.7926911559387,760.221545396758,C:/Users/ICT68/Documents/GitHub/Automated-Motor-Activity-Assessment-in-Rats-via-Computer-Vision-Based-Object-Tracking/sleap-labeling/datasets/train/M8.mov,,,
478,tail_base,1570.744883938287,548.864855943633,C:/Users/ICT68/Documents/GitHub/Automated-Motor-Activity-Assessment-in-Rats-via-Computer-Vision-Based-Object-Tracking/sleap-labeling/datasets/train/M8.mov,,,
495,head,1414.457424610817,987.7868424815524,C:/Users/ICT68/Documents/GitHub/Automated-Motor-Activity-Assessment-in-Rats-via-Computer-Vision-Based-Object-Tracking/sleap-labeling/datasets/train/M8.mov,,,
495,torso,1535.6618100298263,762.4486716315216,C:/Users/ICT68/Documents/GitHub/Automated-Motor-Activity-Assessment-in-Rats-via-Computer-Vision-Based-Object-Tracking/sleap-labeling/datasets/train/M8.mov,,,
495,tail_base,1572.6543528651455,555.9628325352409,C:/Users/ICT68/Documents/GitHub/Automated-Motor-Activity-Assessment-in-Rats-via-Computer-Vision-Based-Object-Tracking/sleap-labeling/datasets/train/M8.mov,,,
441,head,1457.7911556083204,1017.7871177875161,C:/Users/ICT68/Documents/GitHub/Automated-Motor-Activity-Assessment-in-Rats-via-Computer-Vision-Based-Object-Tracking/sleap-labeling/datasets/train/M8.mov,,,
441,torso,1507.4406965510127,767.0751183393301,C:/Users/ICT68/Documents/GitHub/Automated-Motor-Activity-Assessment-in-Rats-via-Computer-Vision-Based-Object-Tracking/sleap-labeling/datasets/train/M8.mov,,,
441,tail_base,1572.9483831909179,554.8493689291479,C:/Users/ICT68/Documents/GitHub/Automated-Motor-Activity-Assessment-in-Rats-via-Computer-Vision-Based-Object-Tracking/sleap-labeling/datasets/train/M8.mov,,,
522,head,1393.3461197658794,998.8980555578352,C:/Users/ICT68/Documents/GitHub/Automated-Motor-Activity-Assessment-in-Rats-via-Computer-Vision-Based-Object-Tracking/sleap-labeling/datasets/train/M8.mov,,,
522,torso,1529.333125929441,752.6673198860578,C:/Users/ICT68/Documents/GitHub/Automated-Motor-Activity-Assessment-in-Rats-via-Computer-Vision-Based-Object-Tracking/sleap-labeling/datasets/train/M8.mov,,,
522,tail_base,1573.5541720331562,549.2588160765974,C:/Users/ICT68/Documents/GitHub/Automated-Motor-Activity-Assessment-in-Rats-via-Computer-Vision-Based-Object-Tracking/sleap-labeling/datasets/train/M8.mov,,,
574,head,1534.4585258346724,1004.4536620959766,C:/Users/ICT68/Documents/GitHub/Automated-Motor-Activity-Assessment-in-Rats-via-Computer-Vision-Based-Object-Tracking/sleap-labeling/datasets/train/M8.mov,,,
574,torso,1496.1085001737704,747.3872528958119,C:/Users/ICT68/Documents/GitHub/Automated-Motor-Activity-Assessment-in-Rats-via-Computer-Vision-Based-Object-Tracking/sleap-labeling/datasets/train/M8.mov,,,
574,tail_base,1569.4862670889402,562.6879643431205,C:/Users/ICT68/Documents/GitHub/Automated-Motor-Activity-Assessment-in-Rats-via-Computer-Vision-Based-Object-Tracking/sleap-labeling/datasets/train/M8.mov,,,
582,head,1625.5704730601926,1031.1205734790558,C:/Users/ICT68/Documents/GitHub/Automated-Motor-Activity-Assessment-in-Rats-via-Computer-Vision-Based-Object-Tracking/sleap-labeling/datasets/train/M8.mov,,,
582,torso,1504.9974706347966,758.4984659720948,C:/Users/ICT68/Documents/GitHub/Automated-Motor-Activity-Assessment-in-Rats-via-Computer-Vision-Based-Object-Tracking/sleap-labeling/datasets/train/M8.mov,,,
582,tail_base,1563.9306605507986,557.1323578049792,C:/Users/ICT68/Documents/GitHub/Automated-Motor-Activity-Assessment-in-Rats-via-Computer-Vision-Based-Object-Tracking/sleap-labeling/datasets/train/M8.mov,,,
594,head,1587.8744213546513,976.7808489386016,C:/Users/ICT68/Documents/GitHub/Automated-Motor-Activity-Assessment-in-Rats-via-Computer-Vision-Based-Object-Tracking/sleap-labeling/datasets/train/M8.mov,,,
594,torso,1522.056177222811,752.6548903484329,C:/Users/ICT68/Documents/GitHub/Automated-Motor-Activity-Assessment-in-Rats-via-Computer-Vision-Based-Object-Tracking/sleap-labeling/datasets/train/M8.mov,,,
594,tail_base,1561.6550056274834,564.3558942035501,C:/Users/ICT68/Documents/GitHub/Automated-Motor-Activity-Assessment-in-Rats-via-Computer-Vision-Based-Object-Tracking/sleap-labeling/datasets/train/M8.mov,,,
602,head,1351.123510076004,925.5640492543678,C:/Users/ICT68/Documents/GitHub/Automated-Motor-Activity-Assessment-in-Rats-via-Computer-Vision-Based-Object-Tracking/sleap-labeling/datasets/train/M8.mov,,,
602,torso,1539.834118144863,773.7661951933705,C:/Users/ICT68/Documents/GitHub/Automated-Motor-Activity-Assessment-in-Rats-via-Computer-Vision-Based-Object-Tracking/sleap-labeling/datasets/train/M8.mov,,,
602,tail_base,1563.8772482427398,566.5781368188066,C:/Users/ICT68/Documents/GitHub/Automated-Motor-Activity-Assessment-in-Rats-via-Computer-Vision-Based-Object-Tracking/sleap-labeling/datasets/train/M8.mov,,,
610,head,1276.6783824649087,976.6756294052693,C:/Users/ICT68/Documents/GitHub/Automated-Motor-Activity-Assessment-in-Rats-via-Computer-Vision-Based-Object-Tracking/sleap-labeling/datasets/train/M8.mov,,,
610,torso,1502.0559936855007,839.3223523434399,C:/Users/ICT68/Documents/GitHub/Automated-Motor-Activity-Assessment-in-Rats-via-Computer-Vision-Based-Object-Tracking/sleap-labeling/datasets/train/M8.mov,,,
610,tail_base,1540.5437007825453,629.9120513536193,C:/Users/ICT68/Documents/GitHub/Automated-Motor-Activity-Assessment-in-Rats-via-Computer-Vision-Based-Object-Tracking/sleap-labeling/datasets/train/M8.mov,,,
619,head,1260.0115628504846,921.1195640238548,C:/Users/ICT68/Documents/GitHub/Automated-Motor-Activity-Assessment-in-Rats-via-Computer-Vision-Based-Object-Tracking/sleap-labeling/datasets/train/M8.mov,,,
619,torso,1509.1678573845545,891.0361963070213,C:/Users/ICT68/Documents/GitHub/Automated-Motor-Activity-Assessment-in-Rats-via-Computer-Vision-Based-Object-Tracking/sleap-labeling/datasets/train/M8.mov,,,
619,tail_base,1564.4123677895977,717.4117177638997,C:/Users/ICT68/Documents/GitHub/Automated-Motor-Activity-Assessment-in-Rats-via-Computer-Vision-Based-Object-Tracking/sleap-labeling/datasets/train/M8.mov,,,
627,head,1293.3452020793327,905.5638657170587,C:/Users/ICT68/Documents/GitHub/Automated-Motor-Activity-Assessment-in-Rats-via-Computer-Vision-Based-Object-Tracking/sleap-labeling/datasets/train/M8.mov,,,
627,torso,1523.6124343837218,896.5918028451629,C:/Users/ICT68/Documents/GitHub/Automated-Motor-Activity-Assessment-in-Rats-via-Computer-Vision-Based-Object-Tracking/sleap-labeling/datasets/train/M8.mov,,,
627,tail_base,1577.7458234811368,719.6339603791563,C:/Users/ICT68/Documents/GitHub/Automated-Motor-Activity-Assessment-in-Rats-via-Computer-Vision-Based-Object-Tracking/sleap-labeling/datasets/train/M8.mov,,,
636,head,1307.7897790785005,893.3415313331475,C:/Users/ICT68/Documents/GitHub/Automated-Motor-Activity-Assessment-in-Rats-via-Computer-Vision-Based-Object-Tracking/sleap-labeling/datasets/train/M8.mov,,,
636,torso,1546.1316788036845,878.8839666594124,C:/Users/ICT68/Documents/GitHub/Automated-Motor-Activity-Assessment-in-Rats-via-Computer-Vision-Based-Object-Tracking/sleap-labeling/datasets/train/M8.mov,,,
636,tail_base,1583.2646654946607,714.9674915942296,C:/Users/ICT68/Documents/GitHub/Automated-Motor-Activity-Assessment-in-Rats-via-Computer-Vision-Based-Object-Tracking/sleap-labeling/datasets/train/M8.mov,,,
644,head,1306.6786577708724,908.8972296399435,C:/Users/ICT68/Documents/GitHub/Automated-Motor-Activity-Assessment-in-Rats-via-Computer-Vision-Based-Object-Tracking/sleap-labeling/datasets/train/M8.mov,,,
644,torso,1531.6871018045167,884.4395731975538,C:/Users/ICT68/Documents/GitHub/Automated-Motor-Activity-Assessment-in-Rats-via-Computer-Vision-Based-Object-Tracking/sleap-labeling/datasets/train/M8.mov,,,
644,tail_base,1586.5980294175454,713.8563702866012,C:/Users/ICT68/Documents/GitHub/Automated-Motor-Activity-Assessment-in-Rats-via-Computer-Vision-Based-Object-Tracking/sleap-labeling/datasets/train/M8.mov,,,
680,head,1345.567903537863,991.1202064044372,C:/Users/ICT68/Documents/GitHub/Automated-Motor-Activity-Assessment-in-Rats-via-Computer-Vision-Based-Object-Tracking/sleap-labeling/datasets/train/M8.mov,,,
680,torso,1525.2422981306242,866.5442152636073,C:/Users/ICT68/Documents/GitHub/Automated-Motor-Activity-Assessment-in-Rats-via-Computer-Vision-Based-Object-Tracking/sleap-labeling/datasets/train/M8.mov,,,
680,tail_base,1588.5968969230296,715.2895156335898,C:/Users/ICT68/Documents/GitHub/Automated-Motor-Activity-Assessment-in-Rats-via-Computer-Vision-Based-Object-Tracking/sleap-labeling/datasets/train/M8.mov,,,
708,head,1310.0120216937576,986.6757211739241,C:/Users/ICT68/Documents/GitHub/Automated-Motor-Activity-Assessment-in-Rats-via-Computer-Vision-Based-Object-Tracking/sleap-labeling/datasets/train/M8.mov,,,
708,torso,1510.7410998904845,857.512914236624,C:/Users/ICT68/Documents/GitHub/Automated-Motor-Activity-Assessment-in-Rats-via-Computer-Vision-Based-Object-Tracking/sleap-labeling/datasets/train/M8.mov,,,
708,tail_base,1584.8095479068834,717.326459123356,C:/Users/ICT68/Documents/GitHub/Automated-Motor-Activity-Assessment-in-Rats-via-Computer-Vision-Based-Object-Tracking/sleap-labeling/datasets/train/M8.mov,,,
290,head,1720.5830078125,144.3288116455078,C:/Users/ICT68/Documents/GitHub/Automated-Motor-Activity-Assessment-in-Rats-via-Computer-Vision-Based-Object-Tracking/sleap-labeling/datasets/train/M8.mov,,,
290,torso,1412.1348214598515,190.3050367415218,C:/Users/ICT68/Documents/GitHub/Automated-Motor-Activity-Assessment-in-Rats-via-Computer-Vision-Based-Object-Tracking/sleap-labeling/datasets/train/M8.mov,,,
290,tail_base,1206.1937823404344,285.27238663841894,C:/Users/ICT68/Documents/GitHub/Automated-Motor-Activity-Assessment-in-Rats-via-Computer-Vision-Based-Object-Tracking/sleap-labeling/datasets/train/M8.mov,,,
258,head,1571.947021484375,0.3102874755859375,C:/Users/ICT68/Documents/GitHub/Automated-Motor-Activity-Assessment-in-Rats-via-Computer-Vision-Based-Object-Tracking/sleap-labeling/datasets/train/M8.mov,,,
258,torso,1333.3774896516843,178.45389032155924,C:/Users/ICT68/Documents/GitHub/Automated-Motor-Activity-Assessment-in-Rats-via-Computer-Vision-Based-Object-Tracking/sleap-labeling/datasets/train/M8.mov,,,
258,tail_base,1175.5377197265625,379.97552490234375,C:/Users/ICT68/Documents/GitHub/Automated-Motor-Activity-Assessment-in-Rats-via-Computer-Vision-Based-Object-Tracking/sleap-labeling/datasets/train/M8.mov,,,
266,head,1667.1165442459578,0.0,C:/Users/ICT68/Documents/GitHub/Automated-Motor-Activity-Assessment-in-Rats-via-Computer-Vision-Based-Object-Tracking/sleap-labeling/datasets/train/M8.mov,,,
266,torso,1349.120409157992,176.63938985514085,C:/Users/ICT68/Documents/GitHub/Automated-Motor-Activity-Assessment-in-Rats-via-Computer-Vision-Based-Object-Tracking/sleap-labeling/datasets/train/M8.mov,,,
266,tail_base,1176.48779296875,369.054931640625,C:/Users/ICT68/Documents/GitHub/Automated-Motor-Activity-Assessment-in-Rats-via-Computer-Vision-Based-Object-Tracking/sleap-labeling/datasets/train/M8.mov,,,
264,head,1656.0403730569947,0.0,C:/Users/ICT68/Documents/GitHub/Automated-Motor-Activity-Assessment-in-Rats-via-Computer-Vision-Based-Object-Tracking/sleap-labeling/datasets/train/M8.mov,,,
264,torso,1359.5266714807822,176.12190381305118,C:/Users/ICT68/Documents/GitHub/Automated-Motor-Activity-Assessment-in-Rats-via-Computer-Vision-Based-Object-Tracking/sleap-labeling/datasets/train/M8.mov,,,
264,tail_base,1176.968505859375,368.6357421875,C:/Users/ICT68/Documents/GitHub/Automated-Motor-Activity-Assessment-in-Rats-via-Computer-Vision-Based-Object-Tracking/sleap-labeling/datasets/train/M8.mov,,,
273,head,1548.2108154296875,76.15690612792969,C:/Users/ICT68/Documents/GitHub/Automated-Motor-Activity-Assessment-in-Rats-via-Computer-Vision-Based-Object-Tracking/sleap-labeling/datasets/train/M8.mov,,,
273,torso,1328.743849040486,198.17852004612712,C:/Users/ICT68/Documents/GitHub/Automated-Motor-Activity-Assessment-in-Rats-via-Computer-Vision-Based-Object-Tracking/sleap-labeling/datasets/train/M8.mov,,,
273,tail_base,1151.935546875,371.782470703125,C:/Users/ICT68/Documents/GitHub/Automated-Motor-Activity-Assessment-in-Rats-via-Computer-Vision-Based-Object-Tracking/sleap-labeling/datasets/train/M8.mov,,,
470,head,1492.4228579462315,957.9017998995084,C:/Users/ICT68/Documents/GitHub/Automated-Motor-Activity-Assessment-in-Rats-via-Computer-Vision-Based-Object-Tracking/sleap-labeling/datasets/train/M8.mov,,,
470,torso,1512.1904296875,759.6058349609375,C:/Users/ICT68/Documents/GitHub/Automated-Motor-Activity-Assessment-in-Rats-via-Computer-Vision-Based-Object-Tracking/sleap-labeling/datasets/train/M8.mov,,,
470,tail_base,1572.1297607421875,555.456787109375,C:/Users/ICT68/Documents/GitHub/Automated-Motor-Activity-Assessment-in-Rats-via-Computer-Vision-Based-Object-Tracking/sleap-labeling/datasets/train/M8.mov,,,
513,head,1389.087158203125,995.90283203125,C:/Users/ICT68/Documents/GitHub/Automated-Motor-Activity-Assessment-in-Rats-via-Computer-Vision-Based-Object-Tracking/sleap-labeling/datasets/train/M8.mov,,,
513,torso,1523.850768599249,770.3460476534829,C:/Users/ICT68/Documents/GitHub/Automated-Motor-Activity-Assessment-in-Rats-via-Computer-Vision-Based-Object-Tracking/sleap-labeling/datasets/train/M8.mov,,,
513,tail_base,1576.0986328125,563.624267578125,C:/Users/ICT68/Documents/GitHub/Automated-Motor-Activity-Assessment-in-Rats-via-Computer-Vision-Based-Object-Tracking/sleap-labeling/datasets/train/M8.mov,,,
716,head,1305.2188720703125,984.3450927734375,C:/Users/ICT68/Documents/GitHub/Automated-Motor-Activity-Assessment-in-Rats-via-Computer-Vision-Based-Object-Tracking/sleap-labeling/datasets/train/M8.mov,,,
716,torso,1506.9430565649086,861.0311796947726,C:/Users/ICT68/Documents/GitHub/Automated-Motor-Activity-Assessment-in-Rats-via-Computer-Vision-Based-Object-Tracking/sleap-labeling/datasets/train/M8.mov,,,
716,tail_base,1585.280517578125,720.2920532226562,C:/Users/ICT68/Documents/GitHub/Automated-Motor-Activity-Assessment-in-Rats-via-Computer-Vision-Based-Object-Tracking/sleap-labeling/datasets/train/M8.mov,,,
344,head,1716.3439047870847,99.98089520961014,C:/Users/ICT68/Documents/GitHub/Automated-Motor-Activity-Assessment-in-Rats-via-Computer-Vision-Based-Object-Tracking/sleap-labeling/datasets/train/M8.mov,,,
344,torso,1459.8235638915485,173.50481387943364,C:/Users/ICT68/Documents/GitHub/Automated-Motor-Activity-Assessment-in-Rats-via-Computer-Vision-Based-Object-Tracking/sleap-labeling/datasets/train/M8.mov,,,
344,tail_base,1270.9563495024909,270.74086787246006,C:/Users/ICT68/Documents/GitHub/Automated-Motor-Activity-Assessment-in-Rats-via-Computer-Vision-Based-Object-Tracking/sleap-labeling/datasets/train/M8.mov,,,
240,head,1390.3252463584568,0.0,C:/Users/ICT68/Documents/GitHub/Automated-Motor-Activity-Assessment-in-Rats-via-Computer-Vision-Based-Object-Tracking/sleap-labeling/datasets/train/M8.mov,,,
240,torso,1303.3002869071543,212.71674378193114,C:/Users/ICT68/Documents/GitHub/Automated-Motor-Activity-Assessment-in-Rats-via-Computer-Vision-Based-Object-Tracking/sleap-labeling/datasets/train/M8.mov,,,
240,tail_base,1158.9173774508322,413.27118342518173,C:/Users/ICT68/Documents/GitHub/Automated-Motor-Activity-Assessment-in-Rats-via-Computer-Vision-Based-Object-Tracking/sleap-labeling/datasets/train/M8.mov,,,
320,head,1713.3632286995517,0.0,C:/Users/ICT68/Documents/GitHub/Automated-Motor-Activity-Assessment-in-Rats-via-Computer-Vision-Based-Object-Tracking/sleap-labeling/datasets/train/M8.mov,,,
320,torso,1488.3763318254273,153.68365783007152,C:/Users/ICT68/Documents/GitHub/Automated-Motor-Activity-Assessment-in-Rats-via-Computer-Vision-Based-Object-Tracking/sleap-labeling/datasets/train/M8.mov,,,
320,tail_base,1274.4147752154568,270.2244740644378,C:/Users/ICT68/Documents/GitHub/Automated-Motor-Activity-Assessment-in-Rats-via-Computer-Vision-Based-Object-Tracking/sleap-labeling/datasets/train/M8.mov,,,
239,head,1395.1991962782192,0.0,C:/Users/ICT68/Documents/GitHub/Automated-Motor-Activity-Assessment-in-Rats-via-Computer-Vision-Based-Object-Tracking/sleap-labeling/datasets/train/M8.mov,,,
239,torso,1284.7645748241864,227.9944023982999,C:/Users/ICT68/Documents/GitHub/Automated-Motor-Activity-Assessment-in-Rats-via-Computer-Vision-Based-Object-Tracking/sleap-labeling/datasets/train/M8.mov,,,
239,tail_base,1162.6415832366379,410.54418724253185,C:/Users/ICT68/Documents/GitHub/Automated-Motor-Activity-Assessment-in-Rats-via-Computer-Vision-Based-Object-Tracking/sleap-labeling/datasets/train/M8.mov,,,
304,head,1777.338101822414,0.0,C:/Users/ICT68/Documents/GitHub/Automated-Motor-Activity-Assessment-in-Rats-via-Computer-Vision-Based-Object-Tracking/sleap-labeling/datasets/train/M8.mov,,,
304,torso,1526.874795586326,154.8105458960577,C:/Users/ICT68/Documents/GitHub/Automated-Motor-Activity-Assessment-in-Rats-via-Computer-Vision-Based-Object-Tracking/sleap-labeling/datasets/train/M8.mov,,,
304,tail_base,1284.213687406849,265.61145181652296,C:/Users/ICT68/Documents/GitHub/Automated-Motor-Activity-Assessment-in-Rats-via-Computer-Vision-Based-Object-Tracking/sleap-labeling/datasets/train/M8.mov,,,
329,head,1727.3065060788722,1.9494388562797553,C:/Users/ICT68/Documents/GitHub/Automated-Motor-Activity-Assessment-in-Rats-via-Computer-Vision-Based-Object-Tracking/sleap-labeling/datasets/train/M8.mov,,,
329,torso,1507.3842273961986,166.29036652386037,C:/Users/ICT68/Documents/GitHub/Automated-Motor-Activity-Assessment-in-Rats-via-Computer-Vision-Based-Object-Tracking/sleap-labeling/datasets/train/M8.mov,,,
329,tail_base,1273.3329846875736,271.35136213042426,C:/Users/ICT68/Documents/GitHub/Automated-Motor-Activity-Assessment-in-Rats-via-Computer-Vision-Based-Object-Tracking/sleap-labeling/datasets/train/M8.mov,,,
347,head,1685.6282129709953,195.0863466150197,C:/Users/ICT68/Documents/GitHub/Automated-Motor-Activity-Assessment-in-Rats-via-Computer-Vision-Based-Object-Tracking/sleap-labeling/datasets/train/M8.mov,,,
347,torso,1450.3916226626177,194.47545681556267,C:/Users/ICT68/Documents/GitHub/Automated-Motor-Activity-Assessment-in-Rats-via-Computer-Vision-Based-Object-Tracking/sleap-labeling/datasets/train/M8.mov,,,
347,tail_base,1255.0847745728267,250.74721475396507,C:/Users/ICT68/Documents/GitHub/Automated-Motor-Activity-Assessment-in-Rats-via-Computer-Vision-Based-Object-Tracking/sleap-labeling/datasets/train/M8.mov,,,
